Source,DF,SS,MS,F,P
A,1,0.0002,0.0002,0.0001,0.992
B,3,180.378,60.126,3.02969,0.093
Interaction(AB),3,8.479,2.82633,0.142416,0.932
Error,8,158.797,19.8456
Total,15,347.653
